mean_entropy_ratio,median_entropy_ratio
0.6506765511174747,0.8919233967446625
